Apêndice J,,,,,,,,,,
Dados de saneamento por município - 2020,,,,,,,,,,
,Município,Concessão,PopulaçãoUrbana,"Atendimento (%)
Coleta Tratamento",,Eficiência(%),"Carga Poluidora (kg
DBO/dia)
Potencial Remanesc.",,ICTEM,Corpo Receptor
1,Campos do Jordão,SABESP,52078,"52,3",100,96,2.812,1.400,"6,04","Rio GCaupaiçvua rei,  aRfilou eSnatpeuscaí-"
1,Santo Antônio do Pinhal,SABESP,4058,"46,7",100,80,219,137,"4,63","Rio da Parfaltuae, nRtieos Preto e"
1,São Bento do Sapucaí,SABESP,5245,97,78,96,283,78,"7,85",Rio Saafpluuceanít eMs.irim e
2,Aparecida,SAAE,35659,70,28,70,1.926,1.661,"2,86",Rio Paraíba
2,Arapeí,SABESP,1850,"93,5",100,99,100,7,"9,9",Rio Barreiro de Baixo
2,Areias,PM,2612,100,0,0,141,141,"1,5",Rib.Vermelho
2,Bananal,SABESP,8771,"89,4",100,75,474,156,"7,7",Rio Bananal
2,Caçapava,SABESP,81301,100,"99,5",58,4.390,1.844,"7,26",R. Paraíba e Cór.Boçoroca
2,Cachoeira Paulista,SABESP,27422,100,100,87,1.481,188,"9,7","R.Paraíba, Rib.das Pitas,
Minhocas; Aguada; Cor. Rio
Branco"
2,Canas,SABESP,4830,"86,7",100,89,261,60,"8,12",Ribeirão Canas
2,Cruzeiro,SAAE,80467,"74,34","6,21",70,4.345,4.205,"1,42","R.ParaíbaP,o Rnitbil.hLãoopes e Cór."
2,Cunha,PM,11941,90,16,33,645,614,"1,9",Cór.do RCoadbeeiço;a sRib. Sete
2,Guararema,SABESP,25933,"55,8",100,71,1.400,849,"5,4",Rio Paraíba
2,Guaratinguetá,SAEG,116701,"98,01",29,74,6.302,4.971,"3,48","R.Paraíba, Rib.Guaratinguetá,
S.Gonçalo e Motas; Cór. Dos
Escritores"
2,Igaratá,SABESP,7602,"30,7",100,80,411,310,"3,76",Rib.PaRlemse.idroa sJ aagfluuaerinte do
2,Jacareí,SAAE,232165,"98,2","99,06",88,12.537,1.756,"9,96",R.Paraíba do Sul e Rib.Turi
2,Jambeiro,SABESP,3216,100,100,96,174,7,"9,7",Rib.Capivari
2,Lagoinha,SABESP,3169,"85,2",100,97,171,30,"9,48",Rib.Botucatu
2,Lavrinhas,SABESP,6711,"65,3",100,99,362,128,"6,68","R.ParaíRbioa  Jdaoc uSiuzli;n Rhioo Jacu,"
2,Lorena,SABESP,86572,100,100,66,4.675,1.603,"7,77",R.Paraíba do Sul e Rib.Taboão
2,Monteiro Lobato,SABESP,2027,"84,4",100,73,109,42,7,Rio Buquira
2,Natividade da Serra,PM,2773,96,50,12,150,141,"2,86",Represa Paraibuna
2,Paraibuna,PM,5506,52,0,0,297,297,"0,98",R.Paraibuna

2,Qualidade das Águas Interiores no Estado de São Paulo,,,,,,,,,
,Município,Concessão,PopulaçãoUrbana,"Atendimento (%)
Coleta Tratamento",,Eficiência(%),"Carga Poluidora (kg
DBO/dia)
Potencial Remanesc.",,ICTEM,Corpo Receptor
2,Pindamonhangaba,SABESP,164013,100,100,70,8.857,2.639,"7,76","R.Paraíba,e  RUibm.Ca.uruputuba"
2,Piquete,CAB PIQUETE,12714,"84,32",0,0,687,687,"1,26","Rios Piquete, Benfica e Sertão"
2,Potim,PM,19056,85,10,31,1.029,1.002,"1,6",Rio Paraíba; Rib. Dos Buenos
2,Queluz,SABESP,11159,"73,9",75,93,603,292,"5,59",Rios Verde e Paraíba
2,Redenção da Serra,SABESP,2194,"46,1",100,89,118,70,"5,06",Res.Paraibuna
2,Roseira,SABESP,10258,"95,2",100,85,554,106,"9,63",R.Pirapitingui
2,Santa Branca,SABESP,13105,64,5,60,708,694,"1,46",Rib.Barretos e R.Paraíba
2,Santa Isabel,SABESP,45487,"57,3",5,80,2.456,2.400,"1,59",R.Araraquara e Res.Jaguari
2,São José do Barreiro,PM,2916,"84,65",0,0,157,157,"1,27",Rib.do BEasrtrâenircoi ae Cór.da
2,São José dos Campos,SABESP,714891,"94,4","99,15",87,38.604,7.169,"9,91","R.Paraíba do Sul, Cambuí,
Peixe, Alambari e
Pararangaba"
2,São Luís do Paraitinga,SABESP,6354,"89,4",100,96,343,49,"9,84",Rios Paraitinga e Chapéu
2,Silveiras,SABESP,3151,"95,4",100,90,170,24,"9,93",Rib.SilvMeiarcaasc; oRsib. Dos
2,Taubaté,SABESP/ PM,311056,96,100,98,16.797,1.011,"9,44","Cór.JudJe.uR, aPiimraucnadnogaguá e"
2,Tremembé,SABESP,43001,"91,1",100,98,2.322,249,"9,37",R.Paraíba do Sul
3,Caraguatatuba,SABESP,118290,"77,9",100,85,6.388,2.168,"7,46",Rios Diversos / Mar
3,Ilhabela,SABESP,35346,"39,4",nd,nd,1.909,nd,"2,38",Rios Diversos / Mar
3,São Sebastião,SABESP,89310,"43,9","96,03",92,4.823,2.962,"5,11",Rios Diversos / Mar
3,Ubatuba,SABESP,89617,"33,9",99,92,4.839,3.353,"4,5",Rios Diversos / Mar
4,Altinópolis,DAE,14157,100,100,64,764,275,"7,66",Cór.Mato Grosso
4,Brodowski,DAE,24666,99,100,91,1.332,139,"9,99",Cór.dMa atDaivdiosau reo Cór.
4,Caconde,DAE,12960,100,0,0,700,700,"1,5",R.São Miguel
4,Cajuru,SABESP,23484,"96,7",100,90,1.268,164,"9,95",Cór.Cajuru
4,Casa Branca,BÁragnucaas  SdPeE  CLatsdaa.,24964,100,100,83,1.348,224,"9,7",Rib.das Congonhas
4,Cássia dos Coqueiros,SABESP,1707,"91,8",100,92,92,14,"9,88",Rio Cubatão
4,Cravinhos,SAEE,34693,99,100,73,1.873,519,"7,89",Rib. Preto
4,Divinolândia,SABESP,7418,"85,2",88,91,401,127,"7,53",Rio do Peixe
4,Itobi,SABESP,7076,"88,5",100,80,382,112,"7,93",Rio Verde
4,Jardinópolis,DAE,43155,100,0,0,2.330,2.330,"1,5",Cór.Matadouro
4,Mococa,SABESP,63630,99,100,92,3.436,303,"9,99",Rio Canoas
4,Ribeirão Preto,AMBIENT,709805,"99,5",94,93,38.329,4.882,"9,9",Ribeirão Preto e Rio Pardo

Apêndice,,,,,,,,,,3
,Município,Concessão,PopulaçãoUrbana,"Atendimento (%)
Coleta Tratamento",,Eficiência(%),"Carga Poluidora (kg
DBO/dia)
Potencial Remanesc.",,ICTEM,Corpo Receptor
4,Sales Oliveira,DAE,10864,"99,19",100,76,587,142,"8,42",Cór.Aurora e Cór.Lageado
4,Santa Cruz da Esperança,SABESP,1458,100,100,84,79,13,10,Cór.Brilhante
4,Santa Rosa de Viterbo,SABESP,25503,"96,2",100,86,1.377,234,"9,64",Cór.Bibiano e Cór.Caçador
4,São José do Rio Pardo,SAERP,48814,100,12,16,2.636,2.585,"1,8",Rio Pardo
4,São Sebastião da Grama,"Águas de São
Sebastião da
Grama -SPE",8011,"96,9",99,83,433,88,"8,62",Rio Fartura
4,São Simão,DAE,13864,100,0,0,749,749,"1,5",Cór.São Simão
4,Serra Azul,SABESP,10670,"91,2",100,89,576,109,"9,87",Cór.Serra Azul
4,Serrana,DAE,45160,100,100,94,2.439,156,10,Cór.Serrinha
4,Tambaú,DAE,20643,100,100,70,1.115,334,"7,75",RioTambaú
4,Tapiratiba,SABESP,10680,"91,6",40,89,577,389,"4,59",Rib.Conceição e Cór.Soledade
4,Vargem Grande do Sul,SAE,40923,100,95,78,2.210,572,"8,25",Rio Verde
5,Águas de São Pedro,SABESP,3521,"95,34",100,96,190,17,"9,43",Rib.Araquá
5,Americana,DAE- Americana,240887,"95,67","61,3",43,13.008,9.750,"4,49",Rio Piracicaba
5,Amparo,SAAE,57201,95,20,80,3.089,2.619,"3,22",R.Camanducaia
5,Analândia,PM,4014,96,100,85,217,40,"9,94",R.Corumbataí
5,Artur Nogueira,SAEAN,50105,98,33,84,2.706,1.968,"3,94",Rib.CotrBinarsr (a8s 0(2%0) %e )Rib.Três
5,Atibaia,SAAE,131143,"72,9","90,97",95,7.082,2.639,"7,03",Rio Atibaia
5,Bom Jesus dos Perdões,PM,22910,85,0,0,1.237,1.237,"1,28",Rio Atibainha
5,Bragança Paulista,SABESP,165316,"87,1",99,95,8.927,1.614,"9,8",Rib. Lavapés
5,Campinas,SANASA,1192920,"96,31","89,41",90,64.418,14.661,8,"Rib.Samambaia / Anhumas
(45%), Quilombo (15%) e
Capivari (40%)"
5,Campo Limpo Paulista,SABESP,85541,"59,3",95,98,4.619,2.069,"6,41",Rio Jundiaí
5,Capivari,SAAE,53278,"95,4","65,92",95,2.877,1.160,"6,5",Rio Capivari
5,Charqueada,SABESP,15756,"83,8",98,76,851,318,7,"Rios Tijuco Preto,
Charqueada, Fregadoli e
Água Parada"
5,Cordeirópolis,SAAE,22299,100,0,0,1.204,1.204,"1,5",Rib.Tatu
5,Corumbataí,PM,2196,100,100,87,119,15,"9,8",R.Corumbataí
5,Cosmópolis,DAE,68237,98,0,0,3.685,3.685,"1,47",Rib.Três Barras
5,Elias Fausto,SABESP,14278,"96,5",100,90,771,101,"9,65",Cór.Carneiro
5,Holambra,PM,11062,100,100,82,597,108,10,Rib.Cachoediraa  Me aCtaór.da Borda
5,Hortolândia,SABESP,234259,"94,1",100,97,12.650,1.103,"9,91",Ribeirão Jacuba
5,Indaiatuba,SAAE,253647,"97,7",100,91,13.697,1.560,"9,97",Rio Jundiaí

4,Qualidade das Águas Interiores no Estado de São Paulo,,,,,,,,,
,Município,Concessão,PopulaçãoUrbana,"Atendimento (%)
Coleta Tratamento",,Eficiência(%),"Carga Poluidora (kg
DBO/dia)
Potencial Remanesc.",,ICTEM,Corpo Receptor
5,Ipeúna,PM,6616,"90,52",100,87,357,76,"8,48",Cór.das Lavadeiras
5,Iracemápolis,PM,24106,100,0,0,1.302,1.302,"1,7",Rib.Cachoeirinha
5,Itatiba,SABESP,103488,95,100,71,5.588,1.819,"7,81",Rib.Jacarezinho e R.Atibaia
5,Itupeva,SABESP,54546,75,100,88,2.945,999,"7,42",Rio Jundiaí
5,Jaguariúna,PM,57028,96,72,81,3.080,1.355,"6,66",Rio Camanducaia
5,Jarinu,SABESP,23661,"24,8",100,94,1.278,980,"3,89",Rib.Campo Largo
5,Joanópolis,SABESP,13338,"63,3",100,82,720,346,"6,32",Rio Jacareí
5,Jundiaí,CSJ,404809,"99,5",100,94,21.860,1.349,"9,69",R.Jundiaí
5,Limeira,"BRK AMBIENTAL
- Limeira S/A",299276,100,100,45,16.161,8.888,"6,13","Rib.Tatu (71%), Rib.da
Graminha (11%) e Rib.Águas
da Serra (18%)"
5,Louveira,SAE,48067,"87,46",100,94,2.596,466,"9,81",Cór.Sto.Antonio e R.Capivari
5,Mombuca,SABESP,2884,100,100,93,156,11,10,Cór.Mombuca
5,Monte Alegre do Sul,PM,4640,80,0,0,251,251,"1,2",R.CamanduAclaeigar ee Rib.Monte
5,Monte Mor,SABESP,57066,"76,8",100,96,3.082,802,"7,66",Rio Capivari
5,Morungaba,SABESP,11769,"94,4",100,87,636,114,"9,92",Rib.dos Mansos
5,Nazaré Paulista,SABESP,15847,13,100,89,856,757,"2,95",Rio Atibainha
5,Nova Odessa,CODEN,59963,96,100,97,3.238,226,"9,94",Ribeirão Quilombo
5,Paulínia,SABESP,111899,"94,5",100,89,6.043,960,"9,92",Rio Atibaia
5,Pedra Bela,SABESP,1522,"69,2",0,0,82,82,"1,04",Cór.Pedra Bela
5,Pedreira,PM,48056,96,86,97,2.595,517,"9,73",Rio Jaguari
5,Pinhalzinho,SABESP,7580,"82,6",100,88,409,112,"7,96",Rib.do Pinhal
5,Piracaia,SABESP,27462,"50,4",100,80,1.483,885,"5,38",Rio Cachoeira
5,Piracicaba,SEMAE,398508,100,100,94,21.519,1.270,"9,7","PiracicRa.mPiirriamci cea Rb.aC, oRriub.mbataí"
5,Rafard,DAE,8022,100,17,73,433,379,"2,57",Cór.S.Francisco R.Capivari Cór.Sete Fogões
5,Rio Claro,BRRiKo  ACmlabrioe nSt.aAl -,202946,"99,8","99,5",95,10.959,621,"9,99",R.Corumbataí e Rib.Claro
5,Rio das Pedras,SAAE,34600,99,0,0,1.868,1.868,"1,49",Rib.Tijuco Preto
5,Saltinho,SABESP,7004,100,100,97,378,11,"9,7",Rib.Piracicamirim
5,Salto,SANESALTO,118894,"95,14","97,48",85,6.420,1.359,"8,51",Rio Tietê
5,Santa Bárbara d'Oeste,DAE - S.B.O,192864,99,"85,99",90,10.415,2.453,"8,25",Ribeirão dos Toledos
5,Santa Gertrudes,"BRK AMBIENTAL
- STA
GERTRUDES S.A",27090,100,100,76,1.463,355,"8,42",Cór.Barreiro e Rib.Claro
5,Santa Maria da Serra,PM,5498,100,100,87,297,39,10,Rib.Bonito

Apêndice,,,,,,,,,,5
,Município,Concessão,PopulaçãoUrbana,"Atendimento (%)
Coleta Tratamento",,Eficiência(%),"Carga Poluidora (kg
DBO/dia)
Potencial Remanesc.",,ICTEM,Corpo Receptor
5,Santo Antônio de Posse,SAAEP,21460,"90,2",70,52,1.159,778,"4,53",R.CamanPdiuracapiitai n-gMuiirim e Rib.
5,São Pedro,SAE,30236,90,15,68,1.633,1.483,"2,38",Rib.Samambaia
5,Sumaré,BRSKu Ammarbéi eSn/tAal -,282841,95,"29,99",81,15.273,11.744,"3,88",Ribeirão Quilombo
5,Tuiuti,PM,3493,42,0,0,189,189,"0,63",Rib.do Pântano
5,Valinhos,DAEV,124862,"94,14",100,88,6.743,1.182,"9,61",Rib.Pinheiros
5,Vargem,SABESP,5371,"61,5",97,92,290,131,"6,45",Rib.da Limeira
5,Várzea Paulista,SABESP,123071,"85,8",100,98,6.646,1.058,"9,79",Rio Jundiaí classe 4
5,Vinhedo,SANEBAVI,77593,85,100,93,4.190,888,"8,4",R.Capivari e Rib.Pinheiros
6,Arujá,SABESP,87519,70,100,75,4.726,2.245,"6,46",Rio Baquirivu-Guaçu
6,Barueri,SABESP,276982,"80,7",52,86,14.957,9.559,"4,84",Rio Tietê
6,Biritiba-Mirim,SABESP,28268,54,100,84,1.526,834,"5,46",Rio Tietê
6,Caieiras,SABESP,100230,74,0,0,5.412,5.412,"1,11",Rio Juqueri
6,Cajamar,SABESP,76365,74,0,0,4.124,4.124,"1,11",Rib.dos Cristais
6,Carapicuíba,SABESP,403183,"69,2",53,86,21.772,14.905,"4,39",Rio Tietê
6,Cotia,SABESP,253608,50,47,84,13.695,10.991,"3,24",Rio Cotia
6,Diadema,SABESP,426757,"93,9",55,94,23.045,11.857,"5,4",Res.Billings
6,Embu das Artes,SABESP,276535,67,25,86,14.933,12.782,"2,53",Rio Tietê
6,Embu-Guaçu,SABESP,68037,"38,4",99,84,3.674,2.497,"4,65",R.Embu-Guaçu
6,Ferraz de Vasconcelos,SABESP,187683,"80,1",49,92,10.135,6.475,"4,79",Rio Tiête
6,Francisco Morato,SABESP,177272,"43,3",0,0,9.573,9.573,"0,65",Rio Juqueri
6,Franco da Rocha,SABESP,144173,"66,8",0,0,7.785,7.785,1,Rio Juqueri
6,Guarulhos,SABESP,1392121,"81,5",7,83,75.175,71.611,"2,14",Rio Baquirivu-Guaçu
6,Itapecerica da Serra,SABESP,176189,46,95,86,9.514,5.939,"5,06",
6,Itapevi,SABESP,240961,"62,5",58,86,13.012,8.955,"4,34",R.S.J.do Barueri
6,Itaquaquecetuba,SABESP,375011,"63,9",17,91,20.251,18.253,"2,06",RioPsa rTaiteetíê  ((UUGGRRHHII  0026)) e
6,Jandira,SABESP,126356,"72,3",45,86,6.823,4.914,"4,08",R.S.J.do Barueri
6,Mairiporã,SABESP,89086,27,76,80,4.811,4.021,"3,12",Rio Juqueri
6,Mauá,BRK AMBIENTAL,477552,93,84,95,25.788,6.690,"7,97",Parte Guaió
6,Mogi das Cruzes,SEMAI,415369,"84,79",61,90,22.430,11.942,"5,73",Rio Tietê
6,Osasco,SABESP,699944,"77,4",57,86,37.797,23.456,"4,99",Rio Tietê
6,Pirapora do Bom Jesus,SABESP,19178,"49,4",24,96,1.036,918,"2,14",Rio Tietê
6,Poá,SABESP,116479,"96,4",87,92,6.290,1.437,"8,28",Rio Tietê
6,Ribeirão Pires,SABESP,124159,"70,2",67,94,6.705,3.731,"5,44",R.Rib.Pires

6,Qualidade das Águas Interiores no Estado de São Paulo,,,,,,,,,
,Município,Concessão,PopulaçãoUrbana,"Atendimento (%)
Coleta Tratamento",,Eficiência(%),"Carga Poluidora (kg
DBO/dia)
Potencial Remanesc.",,ICTEM,Corpo Receptor
6,Rio Grande da Serra,SABESP,51436,"48,7",82,95,2.778,1.726,"4,92",Res.Billings
6,Salesópolis,SABESP,10983,"78,6",98,79,593,232,"7,11",R.Pnaor aSitoilno g(aD .(dEeT ER eSemdéed)i Ionsf)ilt.
6,Santana de Parnaíba,SABESP,142301,"41,9",25,86,7.684,6.992,"2,1",Rio Tietê
6,Santo André,SABESP,721368,"99,5","45,87",94,38.954,22.242,"5,47",R.Tamanduateí e Res.Billings
6,São Bernardo do Campo,SABESP,830356,"92,1",29,93,44.839,33.749,"3,63",Rib.dos BMilelinnignsos e Res.
6,São Caetano do Sul,SAEE,161957,100,100,94,8.746,525,10,R.Tamanduateí
6,São Paulo,SABESP,12214439,"89,5",73,89,659.580,274.323,"6,74","""RioR iTioe Ttêa, mRaion dPuinatheeíi""ros e"
6,Suzano,SABESP,289979,"91,2",70,92,15.659,6.462,"6,74",Rio Tietê
6,Taboão da Serra,SABESP,293652,"88,6",65,86,15.857,8.004,"6,03",Rio Tietê
7,Bertioga,SABESP,63666,"33,7",100,84,3.438,2.469,"4,34",Rio Itapanhaú
7,Cubatão,SABESP,131626,"51,3",100,92,7.108,3.739,"5,85",Rio Cubatão
7,Guarujá,SABESP,322688,"70,1",nd,nd,17.425,nd,"4,15",EPCE-sEtnusáeriaod ad e-  SMaanrt/o EsTE-
7,Itanhaém,SABESP,102137,"48,1",100,73,5.515,3.573,"5,01",Rio do PoçIto aen hRiaoé mCuritiba em
7,Mongaguá,SABESP,57396,"82,4",90,84,3.099,1.169,"7,14",Mar e Rio Aguapeú
7,Peruíbe,SABESP,68230,"81,3",100,62,3.684,1.827,"6,5",Rio Preto
7,Praia Grande,SABESP,330845,"78,3",nd,nd,17.866,nd,"3,54",Mar
7,Santos,SABESP,433331,97,nd,nd,23.400,nd,"3,35",Baia de SS.aJonrtgose e Canal
7,São Vicente,SABESP,367659,"79,4",nd,nd,19.854,nd,"3,84","HUMAITA - Rio Mariana /
SAMARITA - Rio Branco /
INSULAR - Estuário de Santos"
8,Aramina,PMreufneiictiupraal,5286,100,100,81,285,54,"9,8",Cór.Paraíso
8,Batatais,ASmelbeietan teM eLitoda,55697,99,100,87,3.008,408,"9,99",Cór.das Araras
8,Buritizal,SABESP,3682,"95,9",100,90,199,27,"9,94",Cór.dos Buritis
8,Cristais Paulista,SAAE,6351,97,100,82,343,70,"8,44",Cór.Mococa
8,Franca,SABESP,349653,"99,7",100,94,18.881,1.186,10,"CPóro.uBsaog rAelst,o  Set aB .BJáarrbdiamra,"
8,Guaíra,"Departamento de
Esgoto e Água de
Guaíra (DEAGUA)",39564,100,100,24,2.136,1.632,"4,73","Córregos José Glusseco,
Santa Quitéria e Ribeirão do
Jardim"
8,Guará,ÁGGUUAASR ÁDE,20627,100,100,81,1.114,212,10,Rib.Verde
8,Igarapava,SABESP,28873,"98,8",100,92,1.559,142,"9,98",Cór.Santa Rita
8,Ipuã,SAAE,15916,100,100,73,859,234,"8,23",Cór.Santana

Apêndice,,,,,,,,,,7
,Município,Concessão,PopulaçãoUrbana,"Atendimento (%)
Coleta Tratamento",,Eficiência(%),"Carga Poluidora (kg
DBO/dia)
Potencial Remanesc.",,ICTEM,Corpo Receptor
8,Itirapuã,SABESP,5453,"95,5",100,95,294,27,"9,43",Cór.Capanema
8,Ituverava,SAEE,39584,100,"97,27",79,2.138,499,"8,44",Rio do Carmo
8,Jeriquara,SABESP,2599,100,100,87,140,18,10,Cór.Jeriquara
8,Miguelópolis,SABESP,21059,92,100,88,1.137,217,"9,88",Cór.Matador e S.Miguel
8,Nuporanga,PM,6785,100,100,90,366,37,10,Cór.das Corredeiras
8,Patrocínio Paulista,SAAE,11958,100,100,96,646,28,10,R.Sapucaizinho
8,Pedregulho,SABESP,12403,"94,9",100,86,670,126,"9,92",Cór.da Cascata
8,Restinga,SABESP,6038,"99,8",100,82,326,59,10,Cór.Santo Antônio
8,Ribeirão Corrente,SABESP,3778,"86,8",100,90,204,45,"8,18",Rib.Corrente
8,Rifaina,SABESP,3187,"94,7",100,90,172,26,"9,92",Rio Grande
8,Santo Antônio da Alegria,SAE,5167,"98,33",100,78,279,66,"7,94",Rib.do Pinheirinho
8,São Joaquim da Barra,SAAE,51381,100,0,0,2.775,2.775,"1,5",Cór.S.Joaquim
8,São José da Bela Vista,Pref Municipal,7978,"95,85",100,80,431,100,"8,42",Cór. Lajeadinho
9,Aguaí,SABESP,33060,"98,1",50,54,1.785,1.313,"4,44",Rio Itupeva
9,Águas da Prata,SABESP,7340,100,99,88,396,51,"9,99",Ribeirão do Quartel
9,Águas de Lindóia,SAAE,18639,98,64,90,1.007,441,"6,58",Córrego do Barreiro
9,Américo Brasiliense,PM,40721,100,0,0,2.199,2.199,"1,5",Cór.Maria Mendes
9,Araras,SAEMA,128210,100,0,0,6.923,6.923,"1,5",Ribeirão das 3A.raras - Classe
9,Barrinha,DAE,32812,100,0,0,1.772,1.772,"1,5",Cór.Jatobá
9,Conchal,PM,26715,100,97,91,1.443,173,"9,96",RibeirãoC Foenrcrha/alRibeirão
9,Descalvado,SEMARH,30259,"99,11",0,0,1.634,1.634,"1,49",Ribeirão Bonito
9,Dumont,DAE,9667,100,100,56,522,230,"7,14",Cór.Dumont
9,Engenheiro Coelho,SAEEC,15541,100,100,80,839,168,10,Rib.Guaiaquica
9,Espírito Santo do Pinhal,SABESP,39524,"94,9",100,95,2.134,204,"9,94",Ribeirão dos Porcos
9,Estiva Gerbi,PM,9098,100,0,0,491,491,"1,5",Rib.Anhumas e Cór.Ipê
9,Guariba,SABESP,39645,"99,8",100,46,2.141,1.158,"6,48",Cór.Guariba
9,Guatapará,SAEG,5662,100,30,96,306,218,"4,02",R.Mogi-Guaçu
9,Itapira,SAAE,69788,100,100,80,3.769,754,10,dRoi bBeairrrãeoir do/aC Póerrnehgao/ CSóarnrteagnoa
9,Jaboticabal,SAAEJ,75339,100,99,60,4.068,1.664,"7,03",Cór.Jaboticabal
9,Leme,SAECIL,102192,100,100,87,5.518,717,10,Ribeirão do Meio.
9,Lindóia,PM,8092,70,40,97,437,318,"3,62",Rio do Peixe
9,Luís Antônio,DAE,14770,100,100,85,798,118,"9,7",R.da Onça
9,Mogi Guaçu,SAMAE,145284,"99,4",60,80,7.845,4.102,"5,69",R.Mogi-Guaçu

8,Qualidade das Águas Interiores no Estado de São Paulo,,,,,,,,,
,Município,Concessão,PopulaçãoUrbana,"Atendimento (%)
Coleta Tratamento",,Eficiência(%),"Carga Poluidora (kg
DBO/dia)
Potencial Remanesc.",,ICTEM,Corpo Receptor
9,Mogi Mirim,SAAE,87631,96,67,96,4.732,1.810,"6,96",Rio Mogi-Mirim
9,Motuca,PM,3474,100,100,87,188,24,10,Cór.Macacos/Cór. Conserva
9,Pirassununga,SAEP,70443,100,100,92,3.804,289,10,Córrego Laranja Azeda
9,Pitangueiras,DAE,38537,100,"9,66",71,2.081,1.939,"2,08",Cór.Pitangueiras
9,Pontal,DAE,49902,"98,9",100,82,2.695,512,"9,98",Cór.Machado
9,Porto Ferreira,BRK AMBIENTAL,55490,"96,4","98,7",87,2.996,530,"9,93",Rio Mogi-Guaçú.
9,Pradópolis,DAE,20266,100,100,78,1.094,242,"8,56",R.Mogi-Guaçu
9,Rincão,PM,8783,100,0,0,474,474,"1,5",Cór.Paciente
9,Santa Cruz da Conceição,PM,3075,95,100,80,166,40,"8,37",Ribeirão do Roque.
9,Santa Cruz das Palmeiras,PM,33655,100,0,0,1.817,1.817,"1,5",Cór.Pessegueiro
9,Santa Lúcia,PM,8324,100,100,76,449,106,"8,17",Cór.Monjolinho e Ponte Alta
9,Santa Rita do PassaQuatro,DAE,24705,"96,25",100,81,1.334,289,"8,53",Córrego do Marinho eCórrego Capituva.
9,Santo Antônio do Jardim,SABESP,3530,88,100,82,191,54,"7,98",Rib.Santa Bárbara
9,São João da Boa Vista,SABESP,88110,"99,1",100,87,4.758,665,"9,99",R.Jaguari Mirim
9,Serra Negra,SABESP,25552,"77,9",100,80,1.380,520,"7,22",Rib.Serra Negra
9,Sertãozinho,DAE,125638,100,85,76,6.784,2.402,"7,48","ETE Sertãozinho - Cór.Sul:
- DCisótrrrietog od Te aCbroucza sd aes  CPoorsrseegso
Santo Antonio das Pimentas"
9,Socorro,SABESP,28117,"77,6",100,92,1.518,434,"7,8",Rio do Peixe
9,Taquaral,PM,2696,100,100,79,146,31,"8,34",Córrego Boa Vista
10,Alambari,SABESP,4608,"57,1",100,66,249,154,"5,12",Rio Alambari
10,Alumínio,SABESP,15740,"70,45",100,94,850,287,"7,06",Córrego ddoo  VBaurjgãreo/Córrego
10,Anhembi,SABESP,5152,"89,1",100,51,278,151,"6,31",Cór.do Matadouro
10,Araçariguama,SABESP,22860,41,50,92,1.234,1.002,"2,6",Ribeirão Araçariguama
10,Araçoiaba da Serra,AÁRGAUÇAOSI ADBEA,23903,40,100,71,1.291,924,"3,95",Ribeirão Vacariu
10,Bofete,SABESP,7600,"88,8",100,80,410,118,"7,75",Rio do PeiRxoe/qCuóerrego São
10,Boituva,SABESP,58482,"81,3",100,91,3.158,824,"7,72","Cór.BPraaun cDa' Ael hRoi b,. JCeórri.vÁágua"
10,Botucatu,SABESP,142720,"97,1",100,90,7.707,1.002,"9,96","Cór.Lavapés,C oCómr.u rCintra e Cór."
10,Cabreúva,SABESP,42741,"66,1",100,94,2.308,879,"6,72","RiRbi.bP irCaaí b(rAeflú.vdao,  RR.iJou Tnideitaêi),"
10,Capela do Alto,SABESP,17382,"74,2",100,50,939,590,"5,52",Córrego Olaria
10,Cerquilho,SAAEC,47225,98,100,93,2.550,231,"9,97","Rib.da SeRr.rSao, rCocóra.bTaaquaral e"

Apêndice,,,,,,,,,,9
,Município,Concessão,PopulaçãoUrbana,"Atendimento (%)
Coleta Tratamento",,Eficiência(%),"Carga Poluidora (kg
DBO/dia)
Potencial Remanesc.",,ICTEM,Corpo Receptor
10,Cesário Lange,SABESP,12406,100,100,93,670,50,"9,7",Rib. Aleluia e Rib.Onça
10,Conchas,SABESP,14600,"82,2",100,81,788,263,"7,56",Rib.Conchas
10,Ibiúna,SABESP,27826,"45,8","45,8",86,1.503,1.232,"3,05","RMiou rSuonrdouc,a Rmiibrieimr,ã oR iPbaeriruãruo"
10,Iperó,SABESP,23426,"85,5",100,92,1.265,274,"8,37",Rio SorIopcaanbea me aCórrego
10,Itu,"ITUANA DE
SANEAMENTO",164317,95,74,82,8.873,3.758,"6,79","Rib.Guaraú, Varjão e Tapera
Grande"
10,Jumirim,Prefeitura,1983,95,100,45,107,61,"5,91",Ribeirão Água Podre
10,Laranjal Paulista,SABESP,25777,"96,2",98,79,1.392,361,"8,03",Rio Sorocaba / Rio Tietê
10,Mairinque,SANEAQUA,38075,"93,5",0,0,2.056,2.056,"1,4",Cór.do Varjão
10,Pereiras,SABESP,5859,100,100,83,316,54,"9,8",Rib Conchas
10,Piedade,SABESP,25309,"70,7",99,68,1.367,716,"6,14",Rio Pirapora
10,Porangaba,SABESP,4861,"74,8",100,87,262,92,"7,05",Rio Feio
10,Porto Feliz,SAAE,44886,98,100,84,2.424,421,"9,97",Rio Tietê
10,Quadra,SABESP,986,"69,2",100,89,53,20,"6,76",Rib.Palmeira
10,Salto de Pirapora,SABESP,35954,"94,5",100,83,1.942,419,"8,32",Rio Pirapora
10,São Roque,SABESP,83495,"49,7",97,88,4.509,2.596,"5,17","RiMosa rCmaerlaeimrob eeí,  AGruaacçaíu,"
10,Sarapuí,SABESP,7649,58,0,0,413,413,"0,87",Ribeirão Fazendinha
10,Sorocaba,SAAE,680362,99,"97,5",87,36.740,5.922,"9,95","R.SIotraoncgaubáa,,  RRiioo  IPpiaranjeibmua, .Rio"
10,Tatuí,SABESP,117158,"91,4",100,83,6.327,1.544,"8,28",Rio Tatuí
10,Tietê,SAMAE,38655,97,"22,2",69,2.087,1.777,"3,26",Rio Tietê
10,Torre de Pedra,SABESP,1578,68,71,77,85,54,"4,51",Rib.Torre de Pedra
10,Vargem Grande Paulista,SABESP,53468,"33,6",32,80,2.887,2.639,"1,74",Rib.Vargem Grande
10,Votorantim,VÁotgouraasn tdiem,118885,99,"99,97",89,6.420,771,"9,99","CRóiro.  IStoarpoecvaab, aR, iCo óIrp. aCnuebmaitnãho,a"
11,Apiaí,SABESP,17520,"62,1",100,95,946,388,"6,56",Cór.Palmital
11,Barra do Chapéu,SABESP,1696,"74,6",100,93,92,28,"7,43",Rio Catas Altas
11,Barra do Turvo,SABESP,3134,"72,1",100,89,169,61,"7,25",Rio Pardo - Classe 2
11,Cajati,SABESP,20809,"81,2",100,82,1.124,374,"7,56",R.JRaibceuipriãroa ndgou iBnrhaaz  298%%;
11,Cananéia,SABESP,10705,"78,3",100,72,578,254,"6,82","Mar Pequeno - Classe 1 -
salina (96%); Rio Itapitangui
(3%)"
11,Eldorado,SABESP,7649,"93,5",100,87,413,79,"9,9","R.Rib.de Iguape (85%); Rio
Batatal (4%); Rio Jaguari
(9%);"

10,Qualidade das Águas Interiores no Estado de São Paulo,,,,,,,,,
,Município,Concessão,PopulaçãoUrbana,"Atendimento (%)
Coleta Tratamento",,Eficiência(%),"Carga Poluidora (kg
DBO/dia)
Potencial Remanesc.",,ICTEM,Corpo Receptor
11,Iguape,SABESP,26526,"56,9",100,71,1.432,850,"5,49",R.Rib.de Iguape
11,Ilha Comprida,SABESP,11362,"43,7",100,85,614,386,"5,07",Rio Candapuí
11,Iporanga,SABESP,2345,"69,2",100,76,127,60,"6,46",Rio Iporanga
11,Itaóca,SABESP,1816,"56,6",100,83,98,52,"5,7",Rio Palmital
11,Itapirapuã Paulista,SABESP,2081,65,100,86,112,50,"6,41",Ribeirão das Criminosas
11,Itariri,SABESP,11237,39,100,80,607,418,"4,61",Rio do AAzeeritaed (o8 (61%3)%; )Ribeirão
11,Jacupiranga,SABESP,9740,100,92,79,526,145,"8,09",R.JacPuipnirdaanúgbaa  ((920%%).); Rio
11,Juquiá,SABESP,11806,"75,2",95,82,638,264,"6,87","Rio Juquiá (87 %); Rio
Açungu (1%); Ribeirão do
Cedro (12%)."
11,Juquitiba,SABESP,24491,16,100,92,1.323,1.128,"3,2",R.São Lourenço
11,Miracatu,SABESP,10098,"83,1",100,78,545,194,"7,44","Rio São Lourenço (87 %);
Rio Itariri (1,7%), Cór Biguá
(2,3%); Cór.Barnabes"
11,Pariquera-Açu,SABESP,13538,"92,4",100,84,731,162,"8,45",R.Pariquerá-Açú
11,Pedro de Toledo,SABESP,7872,"56,5",100,78,425,237,"5,73",Rio Itariri
11,Registro,SABESP,50062,95,100,74,2.703,811,"7,98",R.Rib.de Iguape; Cór Serrote
11,Ribeira,SABESP,1226,"49,8",100,79,66,40,"5,11",Rio Ribeira de Iguape
11,São Lourenço da Serra,SABESP,14544,32,100,75,785,597,"4,04",R.S.Lourenço
11,Sete Barras,SABESP,7067,"77,1",100,87,382,125,"7,53","R.Rib.de Iguape (97%),
Cór. Jurumirim (1%), Rio
Quilombo (1%)."
11,Tapiraí,SABESP,5552,80,100,81,300,105,"7,43",Cór.Maciel
12,Altair,SABESP,3316,"91,4",100,89,179,34,"9,87",Rib.Santana
12,Barretos,SAAE,119091,100,100,89,6.431,727,"9,5","Córregos das Pedras, Barro
Preto, Pitangueiras e Rib.das
Figueiras"
12,Bebedouro,SAAEB,73904,"99,1","43,8",84,3.991,2.537,"4,72",CórregoMs aBnedbeemdobuoro e do
12,Colina,SAAEC,17310,100,100,62,935,357,"7,52",CórregRoisb .ddoa sR Petailrimnehiroa es afl.do
12,Colômbia,SABESP,4492,100,100,89,243,26,10,Cór. GMraarnidmeb eo nRdeos.UHE
12,Guaraci,"Departamento de
Água e Esgoto de
Guaraci (DAEG)",10100,100,100,47,545,289,"6,56",Cór.Crisciúma
12,Icém,SABESP,7127,"99,5",100,87,385,52,"9,99",Cór. Água Doce
12,Jaborandi,SABESP,6497,"90,7",100,86,351,77,"8,43",Cór.Jaborandi
12,Morro Agudo,Prefeitura,31906,100,"97,91",88,1.723,238,"9,97",Rib.do Agudo
12,Orlândia,SAAE,43217,100,0,0,2.334,2.334,"1,7",Rib.do Agudo

Apêndice,,,,,,,,,,11
,Município,Concessão,PopulaçãoUrbana,"Atendimento (%)
Coleta Tratamento",,Eficiência(%),"Carga Poluidora (kg
DBO/dia)
Potencial Remanesc.",,ICTEM,Corpo Receptor
12,Terra Roxa,SABESP,8995,"93,8",100,52,486,249,"6,58",Rib.Banharão
12,Viradouro,SAV,18461,100,100,91,997,90,"9,7",Córre.gBoesb eVdiroaudroouro e
13,Agudos,SABESP,35742,100,100,97,1.930,58,10,Córrego dos Agudos
13,Araraquara,DAAE,231563,"99,7",100,77,12.504,2.905,"8,49",Rib.das Cruzes
13,Arealva,SABESP,6784,77,100,72,366,164,"6,55",Rio Tietê
13,Areiópolis,SABESP,9916,97,100,66,535,193,"7,62",Cór.Areia Branca
13,Bariri,SAEMBA,33737,100,100,82,1.822,328,10,Córrego Mineiro
13,Barra Bonita,SAAE,35369,99,100,74,1.910,509,"8,26",Rio Tietê
13,Bauru,DAE,372953,"98,7","4,86",88,20.139,19.290,"2,02",Rio Bauru
13,Boa Esperança do Sul,PM,13410,98,100,75,724,192,"8,25",R.Boa Esperança
13,Bocaina,SABESP,11474,100,100,79,620,133,"8,41",Córrego Bocaina
13,Boracéia,SABESP,4365,100,100,82,236,42,"9,8",Córrego Matão
13,Borebi,SAAE,2340,100,100,90,126,13,"9,8",Córrego das Antas
13,Brotas,SAAEB,21233,100,100,5,1.147,1.094,"3,5",R.Jacaré-Pepira
13,Dois Córregos,SAAEDOCO,26051,"99,2",100,83,1.407,253,"9,49",Rio Jaú
13,Dourado,SABESP,8115,100,100,94,438,26,10,Rib.Dourado
13,Gavião Peixoto,PM,3895,100,97,84,210,39,"9,46",R.Jacaré Guaçu
13,Iacanga,PM,10334,97,100,83,558,109,"9,46",Ribeirão Claro
13,Ibaté,PM,34057,100,100,82,1.839,340,"9,7","Cór.S.J.MCoornrteen tAelse,g Br.eVista e"
13,Ibitinga,SAAE,58205,95,95,71,3.143,1.129,"7,53",Cór.S.Joaquim
13,Igaraçu do Tietê,SAAE,24607,100,80,88,1.329,393,"7,78",Rio Tietê
13,Itaju,PM,2827,100,100,10,153,137,"3,65",Córrego Boa Vista de Baixo
13,Itapuí,PM,13516,87,20,82,730,625,"2,54",Córrego Bica de Pedra
13,Itirapina,PM,16583,"87,46",100,81,895,265,"7,59",Cór.Água Branca
13,Jaú,SAENJA,147132,100,100,94,7.945,485,10,Rio Jaú
13,Lençóis Paulista,SAAE,67443,"99,4",100,88,3.642,453,"9,49",Rio Lençóis
13,Macatuba,SISAM,16703,100,100,62,902,346,7,Córrego do Tanquinho
13,Mineiros do Tietê,"ÁGUAS DE
MINEIROS DO
TIETEENSE",12387,100,100,74,669,174,"7,81",R.São João
13,Nova Europa,PM,10531,100,100,85,569,85,10,Rio Itaquerê
13,Pederneiras,SABESP,43813,"98,6",100,75,2.366,607,"8,01",Ribeirão Pederneiras
13,Ribeirão Bonito,PM,12296,96,0,0,664,664,"1,44",Ribeirão Bonito
13,São Carlos,SAAE,244292,100,"90,7",90,13.192,2.435,"9,86","Rio Monjolinho, Rio do
Quilombo, Ribeirão das
Araras"

12,Qualidade das Águas Interiores no Estado de São Paulo,,,,,,,,,
,Município,Concessão,PopulaçãoUrbana,"Atendimento (%)
Coleta Tratamento",,Eficiência(%),"Carga Poluidora (kg
DBO/dia)
Potencial Remanesc.",,ICTEM,Corpo Receptor
13,São Manuel,SABESP,40127,97,98,89,2.167,327,"9,63",Rib.Paraíso
13,Tabatinga,PM,14255,"99,09",100,75,770,195,"8,34",Rib.São João
13,Torrinha,SABESP,8557,"98,7",100,76,462,114,"8,38","Cór.do TaClaóc, hRoibe.irPiinnhhaeirinho e"
13,Trabiju,PM,1596,100,100,44,86,48,"6,39",R.Boa Esperança
14,Angatuba,SABESP,18301,"84,7",100,92,988,222,"7,81",RReitbi.rGo rea nCdóer/rReigboe irBãooa  BViostma
14,Arandu,SABESP,4796,"80,9",100,90,259,70,"7,94",Ribeirão Bonito
14,Barão de Antonina,SABESP,2148,"97,4",100,92,116,12,"9,76",Água dos Pedrocas
14,Bernardino de Campos,SABESP,10001,"99,2",100,91,540,55,"9,99","Córrego Douradinho - ETE
Sul Córrego Douradão -
ETE Norte"
14,Bom Sucesso de Itararé,SABESP,2711,"75,3",100,74,146,65,"6,45",Cór.Bom Sucesso
14,Buri,SABESP,16124,"96,9",100,61,871,354,"6,8",Rio Apiaí-AGruaacçauç ue Ribeirão
14,Campina do Monte Alegre,SABESP,5125,"83,9",100,93,277,62,"8,11",Rio Paranapanema
14,Capão Bonito,SABESP,38594,"93,5",100,96,2.084,219,"9,6",Rib. do Poço
14,Coronel Macedo,SABESP,3582,"89,2",100,83,193,50,"7,95",Rib.do Lajeado
14,Fartura,SABESP,12837,100,100,78,693,153,"8,57",Rio Fartura
14,Guapiara,SABESP,6842,"83,5",91,95,369,103,"7,31",Rio São José Guapiara
14,Guareí,SABESP,10909,"84,2",100,90,589,142,"7,69",Rio Guareí
14,Ipaussu,SAAE,13883,99,100,80,750,156,"8,64",
14,Itaberá,SABESP,11882,"88,6",100,86,642,152,"7,79",Córrego LaPvirriitnuhbaas e Córrego
14,Itaí,SABESP,21501,84,100,80,1.161,381,"7,43",Rib.dos Carrapatos
14,Itapetininga,SABESP,150247,"95,9",100,90,8.113,1.080,"9,64","Rib.Ponte Alta/Ribeirão
JRuirbueimriãrio mC/oRinoc eCiçaãpoiv/Rairio/
Itapetininga."
14,Itapeva,SABESP,79898,"89,1",97,85,4.314,1.145,"7,78",Cór.AranD'hÁa geu aRib.Pilão
14,Itaporanga,SABESP,11506,"90,1",100,85,621,145,"8,13",Rio Verde
14,Itararé,SABESP,46771,"91,3",100,92,2.526,404,"9,57",Córrego da Pedra
14,Manduri,SEMAN,8572,100,100,86,463,65,"9,5",Cór.Lageadinho
14,Nova Campina,SABESP,6672,"66,9",100,53,360,233,"4,8",Rio Taquari
14,Paranapanema,SABESP,16580,"67,2",100,86,895,377,"6,27",TibRireiçs.aJ/uRriubmeiirrãiom /dRaibs ePiroãssoes.
14,Pilar do Sul,SABESP,23102,"78,8",100,88,1.248,382,"7,69",Rio Turvo
14,Piraju,SABESP,26857,100,100,92,1.450,116,"9,8",Rio Paranapanema

Apêndice,,,,,,,,,,13
,Município,Concessão,PopulaçãoUrbana,"Atendimento (%)
Coleta Tratamento",,Eficiência(%),"Carga Poluidora (kg
DBO/dia)
Potencial Remanesc.",,ICTEM,Corpo Receptor
14,Ribeirão Branco,SABESP,8246,"82,1",90,92,445,143,"6,99",CórregoT aRiqbueairriãgoa uBçruanco/Rio
14,Ribeirão Grande,SABESP,2425,100,100,93,131,9,"9,7",Ribeirão Grande
14,Riversul,SABESP,3967,"95,9",100,62,214,87,"6,8",Ribeirão Vermelho do Sul
14,São Miguel Arcanjo,SABESP,22563,"70,1",100,71,1.218,610,"5,99","Cór.S.Miguel Arcanjo;
Ribeirão das Cachaças e Rio
Turvo."
14,Sarutaiá,SABESP,2964,"94,7",0,0,160,160,"1,92",Cór.do Barranco
14,Taguaí,SABESP,10130,100,100,74,547,142,"7,81",Rio Fartura
14,Taquarituba,SABESP,20427,"99,3",100,93,1.103,88,"9,79",Ribeirão LajCeaavdaolo; .Córrego do
14,Taquarivaí,SABESP,3226,78,100,67,174,83,"6,07",Cór.Sem Nome
14,Tejupá,PM,2914,100,0,0,157,157,"1,5",Cór.da Pedra Branca
14,Timburi,SABESP,1928,"85,8",100,69,104,42,"7,14",Rib.Retiro
15,Álvares Florence,DATEMA,2478,"99,58",100,65,134,47,"7,72",Ribeirão Barreiro
15,Américo de Campos,DAEAC,5019,99,98,93,271,26,"9,96",Córrego Água Parada
15,Ariranha,SAE,9244,100,100,87,499,65,10,Cór.Ariranha
15,Aspásia,SABESP,1263,100,100,81,68,13,10,Cór.Cascavel
15,Bálsamo,Municipal,8371,"99,82",100,83,452,78,10,Córrego do Bálsamo
15,Cajobi,PM,9907,100,100,88,535,65,"9,7",Córregos Mdaa tLiiamseira e do
15,Cândido Rodrigues,SABESP,2259,100,100,90,122,12,"9,7",Cór. Água Suja
15,Cardoso,SABESP,11224,"96,7",100,98,606,34,"9,95",Córrego dToo mMaazriinnhheoi r/ oRibeirão
15,Catanduva,SAEC,121513,100,"99,3",90,6.562,698,"9,99",Rio São Domingos
15,Catiguá,SABESP,7240,100,100,94,391,22,10,Rio S.Domingos
15,Cedral,SAE,7394,100,100,85,399,60,"9,7",Córrego Baixadão
15,Cosmorama,PrefeituraMunicipal,5003,98,100,26,270,202,"4,81",Córrego Cavalinho / RibeirãoBonito
15,Dolcinópolis,SABESP,1964,100,100,84,106,17,10,Cór. Pinico
15,Embaúba,SEMAE,2082,100,100,82,112,20,10,Córrego dos Coelhos.
15,Estrela d'Oeste,SABESP,7007,100,100,83,378,63,10,Cór.Taboinha
15,Fernando Prestes,SABESP,4919,100,100,87,266,33,"9,7",Cór.Dr.Mendes
15,Fernandópolis,SABESP,67276,100,100,87,3.633,490,10,Cór.Santa Rita e Cór.Aldeia
15,Guapiaçu,Municipal,19260,87,100,70,1.040,407,"7,27",Rib.Claro
15,Guarani d'Oeste,SABESP,1760,100,100,57,95,41,"7,22",Cór.do Leme
15,Indiaporã,SABESP,3364,87,100,88,182,43,"8,28",Cór.da Água Vermelha

14,Qualidade das Águas Interiores no Estado de São Paulo,,,,,,,,,
,Município,Concessão,PopulaçãoUrbana,"Atendimento (%)
Coleta Tratamento",,Eficiência(%),"Carga Poluidora (kg
DBO/dia)
Potencial Remanesc.",,ICTEM,Corpo Receptor
15,Ipiguá,DAE,3309,100,0,0,179,179,"1,5",Rio Preto confluência c/ Cór.Rangel
15,Macedônia,SABESP,2798,"97,7",100,81,151,32,"8,61",Cór.da Captuva
15,Meridiano,SABESP,2652,100,100,86,143,20,10,Córrego Sucuri
15,Mesópolis,SABESP,1483,98,100,90,80,9,"9,97",Cór.do Meio
15,Mira Estrela,SABESP,2072,"98,6",100,87,112,16,"9,98",Cór. Aroeira
15,Mirassol,SANESSOL,58780,100,100,97,3.174,111,10,Cór.FartFuuran d- ãPoiedade -
15,Mirassolândia,DAE,3999,"77,83",100,74,216,92,"6,91",Cór.da Faxina
15,Monte Alto,SABESP,48487,100,100,97,2.618,81,10,"Córrego Rico, Rio Turvo"
15,Monte Azul Paulista,SAEMAP,17748,"99,1",28,76,958,756,"3,48","CachoCeóirrirnehgao se  Sdtoa  RMoastaa,douro"
15,Nova Granada,SABESP,20100,"97,73",100,86,1.085,173,"9,67",Cór.Mata Negra
15,Novais,SAE,5413,100,100,91,292,26,"9,8",Córrego do Matão
15,Olímpia,DAEMO,52066,100,30,92,2.812,2.036,"3,94","Córregos dos Pretos, Olhos
D ́Água,. Baguaçu e Bela
Vista."
15,Onda Verde,SABESP,3465,100,100,82,187,34,"9,7",Córrego da Gotinha
15,Orindiúva,SABESP,6621,90,100,83,358,90,"8,21",Cór.Barreirão
15,Ouroeste,SABESP,9462,100,100,87,511,68,10,Cór.das Galinhas
15,Palestina,"ESAP -
SEAMNPERAEMSEA NDTEO
PALESTINA",10911,90,100,82,589,154,"8,15",Cór.Piau
15,Palmares Paulista,SABESP,13097,"80,7",100,86,707,216,"7,52",Rib. Da Onça
15,Paraíso,SAE,5714,100,100,40,309,185,"6,1",Cór. Papagaio
15,Paranapuã,SABESP,3643,100,100,84,197,31,10,Cór. Chaveco
15,Parisi,DAEP,1754,80,100,96,95,22,"7,89",Córrego Feio
15,Paulo de Faria,SABESP,8084,100,100,93,437,31,10,Ribeirão das Pontes
15,Pedranópolis,SABESP,1543,100,100,80,83,17,10,Cór. Forte
15,Pindorama,Municipal,16296,98,100,90,880,107,"9,97","R.SP.rDeotom ien cgóorsr,e Cgóo rrCeugboa tBãaorro"
,,Nenhuma,,,,,,,,
,,(temporariamente,,,,,,,,
15,Pirangi,responssoabbilidade,10289,100,100,80,556,111,10,Rib.Tabarana
,,da Prefeitura,,,,,,,,
,,Municipal),,,,,,,,
15,Pontes Gestal,SABESP,2173,100,100,83,117,20,10,Rio Preto
15,Populina,SABESP,3355,100,100,88,181,22,10,Cór.Barra Bonita
15,Riolândia,SABESP,10038,100,100,83,542,92,"9,7",RioU GHrEa dned eÁ_gRueas eVrevramtóerlihoa da

Apêndice,,,,,,,,,,15
,Município,Concessão,PopulaçãoUrbana,"Atendimento (%)
Coleta Tratamento",,Eficiência(%),"Carga Poluidora (kg
DBO/dia)
Potencial Remanesc.",,ICTEM,Corpo Receptor
15,Santa Adélia,SAE,14722,99,100,94,795,55,"9,99",R.S.Domingos
15,Santa Albertina,SABESP,5147,100,100,84,278,44,10,Cór.D'Oeste
15,Santa Clara d'Oeste,SABESP,1593,100,100,87,86,11,10,Cór.do Contra
15,Santa Rita d'Oeste,PM,1734,"81,37",100,81,94,32,"7,53",Cór.da Mina
15,São José do Rio Preto,SEMAE,436774,98,100,97,23.586,1.211,"9,97",Rio Preto (classe 4)
15,Severínia,SAE,16833,"99,6",100,78,909,205,"8,53",Córregos BPaaiux ãDo'Alho e do
15,Tabapuã,SAE,11558,100,100,64,624,225,"7,35",Cór.Limeira
15,Taiaçu,PM,5725,100,100,62,309,117,"7,23",Córrego S.J.Taiaçu
15,Taiúva,PM,5074,100,100,80,274,55,"8,39","Córregos Sdtoa  MMealroi,a Sta Rita e"
15,Tanabi,SAAT,23584,"98,2",94,88,1.274,239,"9,88",Rio Jataí
15,Turmalina,SABESP,1206,100,100,91,65,6,10,Cór.do Candinho
15,Uchoa,SAE,9433,100,100,91,509,44,10,Cór.Grande
15,Urânia,SABESP,7675,100,100,78,414,91,"8,57",Rib.Ponte Pensa
15,Valentim Gentil,SABESP,12351,100,100,96,667,27,10,Córrego Varação
15,Vista Alegre do Alto,PM,8292,100,100,46,448,243,"6,18",Cór. Barro Preto
15,Vitória Brasil,SABESP,1525,100,100,87,82,11,10,Cór. Do Cedro
15,Votuporanga,SAEV Ambiental,92667,99,"99,7",80,5.004,1.053,"8,62",CóCrórre.gMoa rLianghoeiirnihnah o( S(iSmeodnes) een)
16,Adolfo,SABESP,3197,100,100,90,173,17,10,Cor. Sobrado
16,Avaí,SABESP,3650,"93,3",100,80,197,50,"8,05",Córrego Jacutinga
16,Bady Bassitt,DAE,16613,97,100,95,897,70,"9,96",Rib.Borboleta / Rib. Fartura
16,Balbinos,SABESP,1909,100,100,78,103,23,"8,37",Córrego Umirim
16,Borborema,PM,14569,99,100,49,787,405,"6,64",Cór.do Fugido
16,Cafelândia,SAAE,15500,100,4,82,837,810,"1,77",Cór.doC óSrarletignoh od;o  EMm eiBoacuriti
16,Dobrada,PM,8809,100,100,84,476,76,"9,5",Cor.Dobrada
16,Elisiário,Municipal,3387,100,100,72,183,51,"7,88",Cór.do Sapo
16,Guaiçara,PM,11169,100,100,82,603,109,10,Cór.Fim
16,Guarantã,PM,5693,100,100,81,307,58,10,Cor. Guarany
16,Ibirá,SABESP,11540,"98,2",100,82,623,124,"9,97",Cór.Mococa
16,Irapuã,SABESP,7178,100,"90,3",73,388,132,"7,63",Cór.Cervinho
16,Itajobi,DAEI,12760,100,"95,51",85,689,130,"9,63",Rib. Três Pontes
16,Itápolis,SAAE,39300,99,100,53,2.122,1.004,"6,41",Rio São Lourenço
16,Jaci,DAE,6196,97,100,80,335,75,"8,5",Cór. Do Mangue
16,Lins,SABESP,77585,100,100,74,4.190,1.089,"8,31",Cór. Campestre

16,Qualidade das Águas Interiores no Estado de São Paulo,,,,,,,,,
,Município,Concessão,PopulaçãoUrbana,"Atendimento (%)
Coleta Tratamento",,Eficiência(%),"Carga Poluidora (kg
DBO/dia)
Potencial Remanesc.",,ICTEM,Corpo Receptor
16,Marapoama,Municipal,2559,100,100,68,138,44,"7,91",Cór.Lagoa Seca
16,Matão,"CIA
MATONENSE DE
SANEAMENTO",82091,100,100,98,4.433,80,10,Rio São Lourenço
16,Mendonça,PM,4549,100,100,45,246,135,"6,14",Rib.dos Bagres
16,Nova Aliança,Municipal,5856,100,100,49,316,161,"6,39",Cór.Borboleta
16,Novo Horizonte,SABESP,38534,100,100,87,2.081,271,"9,8",Rib.Três Pontes
16,Pirajuí,SAAE,20958,92,0,0,1.132,1.132,"1,38",Córrego Dourado Leste
16,Piratininga,SABESP,11804,94,100,89,637,107,"9,61",Rio Batalha
16,Pongaí,SABESP,2857,100,100,72,154,43,"8,18",Cór.da Aldeia
16,Potirendaba,SAEP,15742,100,100,87,850,111,10,Cór.Águas Espalhadas
16,Presidente Alves,SABESP,3395,100,100,84,183,30,"9,5",Ribeirão Presidente Alves
16,Reginópolis,SAAE,5859,100,80,94,316,78,"7,79",Córrego da Corredeira
16,Sabino,SAAE,4923,"98,61",100,78,266,61,"8,48",Cór. Esgotão
16,Sales,PM,5768,100,100,91,311,28,10,Cór.CapoeiCrienrhvian eh oCórrego do
16,Santa Ernestina,SABESP,5163,100,100,96,279,11,10,Rib.dos Porcos
16,Taquaritinga,SAAET,54368,100,100,62,2.936,1.107,"7,25",Rib.dos Porcos
16,Uru,SABESP,996,"83,3",100,85,54,16,"7,85",Cór.do Uru
16,Urupês,Municipal,12359,100,100,80,667,133,10,Cór.Barreirão
17,Águas de Santa Bárbara,SABESP,4645,69,100,17,251,221,"3,3",Rio Pardo
17,Alvinlândia,SABESP,2906,99,100,77,157,37,"8,46",Cór.Jauzinho
17,Assis,SABESP,100500,100,100,81,5.427,1.015,10,Córrego ddao  FJoarctuu nea Ribeirão
17,Avaré,SABESP,87335,98,100,88,4.716,649,"9,77",Cór.do LajeaGdrao/nCdóerrego Barra
17,Cabrália Paulista,"ÁGUAS DE
PACUALBISRTÁAL ISAPE
LTDA",3671,99,100,83,198,35,"9,79",Ribeirão Alambari
17,Campos Novos Paulista,PM,3884,100,100,84,210,34,10,Rio Novo
17,Cândido Mota,SAAE,29471,"99,6",93,39,1.591,1.012,"5,46",Cór.do Jacu
17,Canitar,PM,5012,100,100,88,271,32,10,Afl.Cor.Sant`ana
17,Cerqueira César,PM,18100,90,100,84,977,238,"7,76",R.Três Ranchos
17,Chavantes,PM,11419,99,100,84,617,104,"9,99",R.Paranapanema
17,Cruzália,SABESP,1359,100,100,82,73,13,10,Rib.Água da Pintada
17,Duartina,SABESP,11160,100,100,80,603,121,10,Córrego Alambari
17,Echaporã,SABESP,4830,100,100,91,261,23,10,Rib. Cascavel

Apêndice,,,,,,,,,,17
,Município,Concessão,PopulaçãoUrbana,"Atendimento (%)
Coleta Tratamento",,Eficiência(%),"Carga Poluidora (kg
DBO/dia)
Potencial Remanesc.",,ICTEM,Corpo Receptor
17,Espírito Santo do Turvo,SABESP,4172,"96,9",100,83,225,44,"9,95",Rio Turvo
17,Fernão,SABESP,939,100,100,84,51,8,10,Rib.das Antas
17,Florínea,SABESP,2356,"85,2",100,90,127,30,"8,26",Rib.Água do Pântano
17,Gália,SABESP,4831,100,100,76,261,63,"8,44",Rib.das Antas
17,Iaras,SABESP,4235,"86,4",100,92,229,47,"8,27",Água da Limeira
17,Ibirarema,PM,7243,100,100,89,391,43,10,Rib.Pau d'Alho
17,Itatinga,SABESP,19030,85,100,89,1.028,252,"7,89",Rio Novo
17,João Ramalho,PM,3885,100,100,87,210,27,"9,7",Cor.Água Bonita
17,Lucianópolis,SABESP,1902,"97,5",100,76,103,27,"7,78",Cór.Água da Rosa
17,Lupércio,SABESP,4081,"92,3",100,76,220,66,"7,94",Cór.Santo Anastácio
17,Maracaí,SABESP,12723,"96,6",100,87,687,111,"9,95",Rib.do CerAvnoh eu mRiabs.Água das
17,Ocauçu,PM,3426,"93,11",100,73,185,60,"7,5",Cor.Tarumã
17,Óleo,SABESP,1630,"98,1",100,80,88,19,"8,57",Córrego Lajeado
17,Ourinhos,SAE OURINHOS,111399,99,83,51,6.016,3.514,"5,74","Rios ParCdóor.,  JPaacruaznianphaonema e"
17,Palmital,SAAE,20423,100,100,84,1.103,176,10,Cór.Água Parada
17,Paraguaçu Paulista,SABESP,41637,100,100,96,2.248,85,10,Rib.do Alegre e do Sapé
17,Pardinho,SABESP,5117,"68,5",95,92,276,111,"6,55",Rio Pardo
17,Paulistânia,SABESP,1249,"92,8",100,86,67,13,"9,39",Córrego Pinheirinho
17,Pedrinhas Paulista,SABESP,2616,"96,3",100,90,141,19,"9,94",R.Pedrinhas
17,Platina,SABESP,2817,"84,2",100,80,152,50,"7,64",Cór. Pari-Veado
17,Pratânia,SABESP,4029,99,100,82,218,41,"9,99",Rios da Prata e Claro
17,Quatá,SABESP,13335,"94,4",100,91,720,102,"9,92",Rib.Água da Bomba
17,Rancharia,PM,26655,99,100,63,1.439,542,"7,54",CórÁ.Ágguua ad da aR Laanvcahdaeriiraa e
17,Ribeirão do Sul,SABESP,3364,"92,9",100,80,182,47,"8,22",Rib.dos Pintos
17,Salto Grande,PM,8454,67,100,30,457,365,"4,32",Rios Paranapanema e Novo
17,Santa Cruz do Rio Pardo,SABESP,43831,100,100,86,2.367,331,10,Rio Pardo
17,São Pedro do Turvo,PM,5506,100,100,93,297,20,10,Rio São João
17,Tarumã,SABESP,14289,"99,7",100,84,772,125,"9,7",Rib.do Tarumã
17,Ubirajara,SABESP,3504,98,100,80,189,41,"8,07",Córrego São João
18,Aparecida d'Oeste,SABESP,3406,97,100,89,184,25,"9,96",Cór.do Boi
18,Auriflama,SABESP,13906,100,100,85,751,115,10,Córrego do Limoeiro
18,Dirce Reis,SABESP,1362,98,100,84,74,13,10,Cór.Marimbondo
18,Floreal,SABESP,2355,100,100,75,127,32,"8,38",Córrego Grotão

18,Qualidade das Águas Interiores no Estado de São Paulo,,,,,,,,,
,Município,Concessão,PopulaçãoUrbana,"Atendimento (%)
Coleta Tratamento",,Eficiência(%),"Carga Poluidora (kg
DBO/dia)
Potencial Remanesc.",,ICTEM,Corpo Receptor
18,General Salgado,SABESP,9248,100,100,80,499,98,10,Cór.Buritis
18,Guzolândia,SABESP,4489,"98,3",100,88,242,33,"9,97",Cór. Do Bagre
18,Ilha Solteira,PM,25138,100,100,81,1.357,261,10,Rio Paraná
18,Jales,SABESP,46299,100,100,88,2.500,300,10,Cór.Marimbondo
18,Marinópolis,SABESP,1665,96,100,89,90,13,"9,94",Cór.Três Barras
18,Monte Aprazível,SABESP,23106,"97,5",100,85,1.248,214,"9,96",Rio São José dos Dourados
18,Neves Paulista,DAE,8052,95,100,68,435,154,"7,33",Córrego Jacutinga
18,Nhandeara,SABESP,9338,100,100,90,504,48,10,Córr/e gCoó rrCeagboe cdeoir Pa eCrdoimdoprida
18,Nova Canaã Paulista,SABESP,771,100,100,80,42,8,10,Solo
18,Palmeira d'Oeste,SABESP,6997,100,100,88,378,45,10,Cór. Laranjeiras
18,Pontalinda,SABESP,3879,"91,3",100,82,209,53,"8,24",Cór.Lajeado
18,Rubinéia,SABESP,2608,81,100,86,141,43,"7,74",Cór.Jacu
18,Santa Fé do Sul,SAAE,31281,100,100,71,1.689,490,"8,12",Cór.da QMuueilam ea dCoór.Jacu
18,Santa Salete,SABESP,878,100,100,86,47,7,10,Cór.da Paca e Perdizes
18,Santana da Ponte Pensa,SABESP,981,100,100,86,53,7,10,Rib. Pororoca
18,São Francisco,SABESP,2186,100,100,0,118,118,"3,5",Cór.Botelho
18,São João das Duas Pontes,SABESP,1957,100,100,90,106,11,10,Có. Da Lingüiça
18,São João de Iracema,PMreufneiictiupraal,1576,100,100,48,85,44,"6,62",Cór.Saltinho
18,Sebastianópolis do Sul,SABESP,2752,"94,8",100,90,149,22,"9,92",Córrego do Januário Amaral
18,Suzanápolis,DAE,2679,98,100,61,145,58,"7,36",Cór.da Perdida
18,Três Fronteiras,SABESP,4941,100,100,85,267,40,10,Cór.Marruco
19,Alto Alegre,SABESP,3223,"89,8",100,86,174,40,"8,05",Córrego do Coroados
19,Andradina,AÁNGDURAASD IDNEA,53393,"98,63",100,80,2.883,597,"8,33","CFiógr.uPeeirreai rea  SJãorod Pãeo,d rdoa"
19,Araçatuba,SANEAR,194308,"98,7",100,97,10.493,447,"9,98",Ribeirão BaLgaufoaçn.u e Corrego
19,Avanhandava,DAAEA,11718,100,100,70,633,189,"7,76",Cór.Alambari e Cór.Jacutinga
19,Barbosa,PM,6315,100,100,80,341,68,"9,7",Cór.Barbosinha e R.Tietê
19,Bento de Abreu,SABESP,2747,"93,1",100,88,148,26,"9,6",Rib.Azul
19,Bilac,PM,7464,100,100,20,403,322,"4,5",Cór.da Colônia
19,Birigui,PMB,121160,98,100,76,6.543,1.670,"8,01",Ribeirão Baixotes
19,Braúna,PMB,5020,100,100,72,271,76,"7,88",Córrego Água Limpa
19,Brejo Alegre,SABESP,2369,"90,1",100,84,128,31,"8,27",Cór.do Macuco
19,Buritama,PM,16281,100,100,56,879,387,"7,14",Rib.Palmeiras

Apêndice,,,,,,,,,,19
,Município,Concessão,PopulaçãoUrbana,"Atendimento (%)
Coleta Tratamento",,Eficiência(%),"Carga Poluidora (kg
DBO/dia)
Potencial Remanesc.",,ICTEM,Corpo Receptor
19,Castilho,ÁCGASUTAISL HDOE,16049,100,100,88,867,107,"9,7",RiCbó.rG.Su.aRtoabpearrtáo e
19,Coroados,SABESP,4964,"96,2",100,87,268,44,"9,94",Cór.do Campo
19,Gastão Vidigal,SABESP,4353,"83,8",100,91,235,56,"8,22",Cór.Brioso e Solo
19,Glicério,SABESP,3556,"85,9",100,82,192,56,"7,89",Água Limpa
19,Guaraçaí,PM,6540,100,100,88,353,41,"9,7",Ribeirão IPglaunatoe Amlit oe Córrego
19,Guararapes,PM,30635,100,100,79,1.654,342,"8,35",Rib.Barra GFrrauntdale e Córrego
19,Itapura,PM,3957,80,100,39,214,147,"5,23","Disposto RioTietê,reservatório hidrelétrico."
19,José Bonifácio,PM,33854,98,100,89,1.828,241,"9,97",Cór.Cerradão
19,Lavínia,PM,5996,100,100,71,324,94,"7,82",Córrego Barreirão
19,Lourdes,SABESP,1885,100,100,83,102,18,10,Cór.das Pedras
19,Macaubal,SAMA,7201,99,100,68,389,127,"7,37",Ribeirão Ponte Nova
19,Magda,SABESP,2574,100,100,89,139,15,10,Córrego Talhados
19,Mirandópolis,DAEM,26433,90,100,66,1.427,580,"6,91",Ribeirão Claro.
19,Monções,SABESP,1952,100,100,91,105,9,10,Córrego do Saltinho
19,Murutinga do Sul,PM,2770,100,100,59,150,61,"6,84",Cór.Seco
19,Nipoã,SABESP,4707,"92,5",100,79,254,68,"7,85",Cór. Cachoeira
19,Nova Castilho,PMreufneiictiupraal,847,100,100,39,46,28,"5,74",Córrego Açoita Cavalo
19,Nova Luzitânia,SABESP,3732,"80,3",100,93,202,51,"8,06",Cór.do Matadouro
19,Penápolis,DAEP,60893,100,100,88,3.288,388,"9,7",Rib.Lajeado
19,Pereira Barreto,SAAE,23901,98,100,53,1.291,624,"6,83",Cór.Pederneiras
19,Planalto,SABESP,4476,"96,9",100,85,242,42,"9,65",Cór.São Jerônimo
19,Poloni,SABESP,5441,100,100,80,294,59,10,Cór. Barreirinho
19,Promissão,SAAEP,34414,99,99,71,1.858,565,"7,5",Rib.dos Patos
19,Rubiácea,SABESP,1811,100,100,84,98,15,"9,7",Cór.do Matadouro
19,SanAtor aAcnatnôgnuiáo do,PM,6640,100,100,72,359,100,"7,89",Cór.da Mata
19,Sud Mennucci,SABESP,6641,100,100,86,359,51,10,Cór.Campestre
19,Turiúba,SABESP,1654,93,100,91,89,13,"9,9",Cór.Barreiro
19,Ubarana,PM,5863,100,100,49,317,161,"6,69",Cór.Bocaina
19,União Paulista,SABESP,1428,100,100,94,77,5,"9,7",Rib.Santa Bárbara
19,Valparaíso,DAEV,25507,"99,8",100,22,1.377,1.075,"4,63",Cór PrimSauvseprira oe Cór.do
19,Zacarias,SABESP,2164,"97,3",100,88,117,17,"9,66",Córego da Arribada

20,Qualidade das Águas Interiores no Estado de São Paulo,,,,,,,,,
,Município,Concessão,PopulaçãoUrbana,"Atendimento (%)
Coleta Tratamento",,Eficiência(%),"Carga Poluidora (kg
DBO/dia)
Potencial Remanesc.",,ICTEM,Corpo Receptor
20,Álvaro de Carvalho,SABESP,3348,"99,2",100,85,181,28,"9,99",Cór.Santa Cecília
20,Arco-Íris,SABESP,1010,98,100,81,55,11,"8,63",Cór.do Sumidouro
20,Clementina,PM,8347,100,100,83,451,77,10,Cór.C.
20,Dracena,EMDAEP,43441,"92,8",100,63,2.346,983,"6,87",Córregos dMasa rrMeacrarsequinhas e
20,Gabriel Monteiro,SABESP,2314,100,100,80,125,25,10,Cór.Águas Claras
20,Garça,SAAE,40368,"99,45","99,97",79,2.180,472,"8,58",Rib. da Garça e Rio Tibiriçá
20,Getulina,SAAE,8862,98,100,72,479,141,"8,06",Cór.Gavanheri
20,Guaimbê,SAAE,5055,99,99,75,273,72,"8,26",Rib.Guaimbê
20,Herculândia,PM,8734,"96,25",100,84,472,89,"9,94",Cor.da Água Boa e Rib. Iacri
20,Iacri,SABESP,4952,"97,6",100,92,267,26,"9,96",Cór.Jurema
20,Júlio Mesquita,PM,4566,100,100,81,247,48,10,Cor.do Dudu
20,Lucélia,SABESP,18955,"97,1",100,89,1.024,139,"9,96",Cór. Boa Esperança
20,Luiziânia,SABESP,5367,"88,9",100,81,290,82,"7,99",Ribeirão Luiziânia
20,Monte Castelo,PM,3292,99,100,77,178,42,"8,44",Rib. Galante
20,Nova Guataporanga,SABESP,2018,100,100,88,109,13,"9,7",Cór. Costas
20,Nova Independência,PM,3231,100,100,81,174,33,10,Corrego Independência
20,Pacaembu,PM,10509,"83,6","79,2",83,567,258,"6,19",Cór. Iracema e Pacaembu
20,Panorama,PM,15407,"92,8",100,94,832,106,"9,89",Rib. Das Marrecas
20,Parapuã,SABESP,8982,100,100,0,485,485,"3,2",Cór. Alheiro
20,Paulicéia,PM,6197,60,100,59,335,216,"4,9",Cór. Itaí
20,Piacatu,SABESP,5325,"98,7",100,81,288,58,"8,38",Córrego Bela Vista
20,Pompéia,SAAE,20628,95,100,90,1.114,162,"9,63",CóRr.iCbaeibreãçoa  ddoe  FPuotrucroo e
20,Queiroz,SABESP,2939,100,100,85,159,24,10,Cór.Matadouro
20,Quintana,SABESP,6120,100,100,88,330,40,10,"Rib.Iacri, CóVr.eMaedrocedes e Cór."
20,Rinópolis,PM,8659,"99,5",100,87,468,63,"9,99",Cór.Andorinha
20,Salmourão,SABESP,4786,100,100,75,258,65,"8,38",Cór.Cupri
20,Santa Mercedes,SABESP,2555,"98,7",100,91,138,14,"9,98",R. das Marrecas
20,Santópolis do Aguapeí,SABESP,4655,"87,6",100,90,251,53,"8,13",Cór.Fartura
20,São João do Pau d'Alho,PM,1703,98,100,88,92,13,"9,67",Cór.São João do pau d'alho
20,Tupã,SABESP,62940,100,100,86,3.399,476,10,Rib.Afonso XIII
20,Tupi Paulista,PM,12238,100,100,86,661,91,"9,7",Rib. Galante
20,Vera Cruz,PM,9410,98,100,83,508,95,"9,97",Cór.Ipiranga
21,Adamantina,SABESP,33190,100,100,85,1.792,262,"9,7",Rib. doEs sRpaernacnhçoas e Boa

Apêndice,,,,,,,,,,21
,Município,Concessão,PopulaçãoUrbana,"Atendimento (%)
Coleta Tratamento",,Eficiência(%),"Carga Poluidora (kg
DBO/dia)
Potencial Remanesc.",,ICTEM,Corpo Receptor
21,Alfredo Marcondes,SABESP,3500,99,100,83,189,34,"9,99",Córrego Montalvão
21,Álvares Machado,SABESP,22521,100,100,97,1.216,36,10,CórrPergesoi ddeon Ltie mPoreuidroe n(tEeT).E de
21,Bastos,SABESP,18046,99,100,64,974,357,"7,61",Rib.da Sede
21,Borá,SABESP,653,100,100,92,35,3,10,Cór.do Borá
21,Caiabu,SABESP,3414,"90,6",100,85,184,43,"8,35",Cór.Água da Paineira.
21,Emilianópolis,SABESP,2668,"98,7",100,80,144,30,"8,61",Cór.Sto Antônio
21,Flora Rica,SABESP,1157,"90,1",100,87,62,14,"8,12",Cór. Afl. Do Ribeirão Perobal
21,Flórida Paulista,SABESP,11669,"99,8",100,83,630,107,"9,7",Cór.Matadouro e Cór. Indaia
21,Indiana,PM,4173,95,100,85,225,43,"9,93",Cór. Acampamento
21,Inúbia Paulista,SABESP,3517,99,100,56,190,85,"6,79",Ribeirão dos Macacos
21,Irapuru,PM,5886,100,100,74,318,82,"8,02",Cór.Patrimônio
21,Junqueirópolis,PM,17130,100,100,80,925,190,"8,37",CóCr.a iPnognatne gSueecsa. e
21,Lutécia,SABESP,2096,"99,9",100,92,113,9,10,Cór.Boa Esperança
21,Mariápolis,SABESP,3277,"96,9",100,86,177,29,"9,65",Córrego Águas Floridas.
21,Marília,DAEM,229796,80,0,0,12.409,12.409,"1,2","Cór.Cascatinha, do Pombo, do
Barbosa, Palmital, Cincinatina
e Rib.dos Índios"
21,Martinópolis,PM,22364,99,100,81,1.208,243,"8,68",Córrego Capão Bonito
21,Oriente,SABESP,6111,100,100,87,330,43,10,Cór.Jatobá
21,Oscar Bressane,SABESP,2154,"98,2",100,88,116,16,"9,97",Cór.do Saltinho
21,Osvaldo Cruz,SABESP,29654,"99,9",100,79,1.601,341,"8,32",Cór. Wallesburgo
21,Ouro Verde,PM,7930,95,100,78,428,112,"7,93",Ribeirão São Bento
21,Piquerobi,SABESP,2791,"93,8",100,92,151,21,"9,91",Cór. Da Represa.
21,Pracinha,SABESP,2018,100,100,55,109,49,"7,08",Ribeirão dos Macacos.
21,Ribeirão dos Índios,SABESP,1881,"97,8",100,87,102,15,"9,97",Afl. Rib.dos Indios
21,Sagres,SABESP,1846,89,100,85,100,24,"8,26",Afl. do Cór. Queixada
21,Santo Expedito,SABESP,2772,"88,4",100,90,150,31,"8,5",Cór. Santo Expedito.
22,Anhumas,SABESP,3391,100,100,85,183,27,10,Córrego São Pedro
22,Caiuá,PM,2277,100,100,97,123,4,10,Ribeirão Caiuazinho
22,Estrela do Norte,SABESP,2187,100,100,85,118,18,10,Rio Rebojo
22,Euclides da Cunha Paulista,SABESP,5945,"86,8",100,79,321,101,"7,76",Rio Paranapanema
22,Iepê,PM,7276,95,100,95,393,38,"9,93",Rib.dos Patos
22,Marabá Paulista,SABESP,2648,"98,2",100,83,143,26,"9,97",Córrego Sagui.
22,Mirante do Paranapanema,SABESP,10798,"75,4",100,86,583,205,"7,34",Cór. da Figueira
22,Nantes,PM,2855,100,100,80,154,31,10,Cór. Coroado.

22,Qualidade das Águas Interiores no Estado de São Paulo,,,,,,,,,
,Município,Concessão,PopulaçãoUrbana,"Atendimento (%)
Coleta Tratamento",,Eficiência(%),"Carga Poluidora (kg
DBO/dia)
Potencial Remanesc.",,ICTEM,Corpo Receptor
22,Narandiba,SABESP,3551,100,100,89,192,21,10,Cór. Laranjeira
22,Pirapozinho,SABESP,26369,"94,5",100,68,1.424,509,"7,6",Rib.Pirapozinho
22,Presidente Bernardes,SABESP,10077,"81,6",100,94,544,127,"8,21",Cór.BaGrruoa rPurceatioa e Cór.
22,Presidente Epitácio,SABESP,41410,"90,5",100,85,2.236,516,"8,36",Rio Paraná
22,Presidente Prudente,SABESP,225672,100,100,97,12.186,378,"9,7","LRiimoos eiMroa ned Caógru. adria,  ACnótra.."
22,Presidente Venceslau,PM,37873,98,40,85,2.045,1.364,"4,24",Rib.VeaAdnoa set aCcóiro. Santo
22,Regente Feijó,SABESP,18801,"99,4",100,87,1.015,142,"9,99",Cór. Imbiri e Cór. Da Represa
22,Rosana,SABESP,13112,"78,5",100,89,708,216,"7,7",Rio Paranapanema
22,Sandovalina,SABESP,3038,"90,9",100,84,164,39,"8,32",Rib. Taquaruçú
22,Santo Anastácio,SABESP,19444,"98,8",100,93,1.050,90,"9,98",Cor.7 de SFeitgeumeibrrao e Cór. Da
22,Taciba,SABESP,5374,100,100,83,290,49,10,Cór. da Formiga
22,Tarabai,SABESP,6972,91,100,80,376,102,"8,1",Ribeirão do Rebojo
22,Teodoro Sampaio,SABESP,18897,100,100,84,1.020,168,10,R.Paranapanema
,,Somatória,44.420.786,---,---,---,2.398.722,1.053.049,---,---
,Estado de São Paulo,Média,---,89,65,87,---,---,,---
"* Municípios litorâneos com emissários: para os municipios: Santos, Praia Grande, Guarujá e Ilhabela, que possuem Sistema de Disposição Oceânica",,,,,,,,,,
"de Esgotos, foi utilizada uma nova metodologia do cálculo do ICTEM baseada em remoção de sólidos suspensos totais na EPC e no IQAC - Índice",,,,,,,,,,
de Qualidade de Águas Costeiras - CETESB,,,,,,,,,,
"nd: não determinado uma vez que para município com sistema de emissário submarino precedido de EPC, não existe atribuição legal para redução de",,,,,,,,,,
matéria orgânica,,,,,,,,,,
População Urbana: Estimativa populacional IBGE 2020 x % População Urbana CENSO 2010,,,,,,,,,,
